model_id,canonical_slug,model_name,provider,model_type,description,created,hugging_face_id,architecture,input_modalities,output_modalities,supported_parameters,supports_streaming,endpoints_url,supported_resolutions,supported_aspect_ratios,supported_sizes,supported_durations,supported_frame_images,generate_audio,seed,upscale_factor,creativity,allowed_passthrough_parameters,has_any_price,has_valid_pricing,pricing_unit,comparable_price,comparable_price_basis,pricing,endpoint_pricing,raw_source,retrieved_at
black-forest-labs/flux-video-edit,black-forest-labs/flux-video-edit-20260910,Black Forest Labs: FLUX Video Edit,black-forest-labs,video,"FLUX Video Edit [fast] takes a source video and an edit prompt and returns a precisely edited video. Add, remove, or replace objects and characters, rebuild the setting, edit on-screen...",1789073532,,"{""modality"": null, ""input_modalities"": null, ""output_modalities"": [""video""], ""synthesized"": true}",,"[""video""]",,,,,,,,,False,False,,,"[""safety_tolerance""]",True,True,usd_per_second,0.03,plain_rate,"{""skus"": [{""sku"": ""cents_per_second_output"", ""raw_value"": ""3"", ""amount"": 3.0, ""currency"": ""cents"", ""quantity"": ""second"", ""unit_family"": ""cents_per_second"", ""usd_amount"": 0.03, ""conversion_applied"": true, ""currency_assumed"": false, ""resolution_variant"": null, ""audio_variant"": null, ""operation"": null, ""is_minimum"": false, ""is_negative"": false, ""is_parseable"": true}], ""raw_pricing_skus"": {""cents_per_second_output"": ""3""}, ""sku_count"": 1, ""resolved_sku_count"": 1, ""unresolved_sku_keys"": [], ""has_any_price"": true, ""comparable_price"": {""unit"": ""usd_per_second"", ""usd"": 0.03, ""basis"": ""plain_rate"", ""basis_sku"": ""cents_per_second_output""}, ""usd_per_second_by_resolution"": {""default"": 0.03}, ""usd_per_image_by_resolution"": {}, ""unit_families"": [""cents_per_second""], ""unit_conversions_applied"": [""cents_per_second_output""], ""currency_assumptions"": []}",,openrouter:/api/v1/videos/models,2026-09-17T03:40:50.991972+00:00
minimax/hailuo-3-max,minimax/hailuo-3-max-20260901,MiniMax: H3 Max,minimax,video,"MiniMax H3 Max is a video-generation model from MiniMax, jointly released with fal.ai. Derived through additional training from MiniMax H3, it is designed for faster text-to-video and image-to-video generation with...",1788313310,,"{""modality"": null, ""input_modalities"": null, ""output_modalities"": [""video""], ""synthesized"": true}",,"[""video""]",,,,"[""768p"", ""480p""]","[""21:9"", ""16:9"", ""4:3"", ""1:1"", ""3:4"", ""9:16""]",,"[5, 6, 7, 8, 9, 10, 11, 12, 13, 14, 15]","[""first_frame"", ""last_frame""]",False,False,,,"[""aigc_watermark""]",True,True,usd_per_second,0.08,plain_rate,"{""skus"": [{""sku"": ""duration_seconds"", ""raw_value"": ""0.08"", ""amount"": 0.08, ""currency"": ""usd"", ""quantity"": ""second"", ""unit_family"": ""usd_per_second"", ""usd_amount"": 0.08, ""conversion_applied"": false, ""currency_assumed"": true, ""resolution_variant"": null, ""audio_variant"": null, ""operation"": null, ""is_minimum"": false, ""is_negative"": false, ""is_parseable"": true}, {""sku"": ""duration_seconds_480p"", ""raw_value"": ""0.05"", ""amount"": 0.05, ""currency"": ""usd"", ""quantity"": ""second"", ""unit_family"": ""usd_per_second"", ""usd_amount"": 0.05, ""conversion_applied"": false, ""currency_assumed"": true, ""resolution_variant"": ""480p"", ""audio_variant"": null, ""operation"": null, ""is_minimum"": false, ""is_negative"": false, ""is_parseable"": true}, {""sku"": ""duration_seconds_768p"", ""raw_value"": ""0.08"", ""amount"": 0.08, ""currency"": ""usd"", ""quantity"": ""second"", ""unit_family"": ""usd_per_second"", ""usd_amount"": 0.08, ""conversion_applied"": false, ""currency_assumed"": true, ""resolution_variant"": ""768p"", ""audio_variant"": null, ""operation"": null, ""is_minimum"": false, ""is_negative"": false, ""is_parseable"": true}], ""raw_pricing_skus"": {""duration_seconds"": ""0.08"", ""duration_seconds_480p"": ""0.05"", ""duration_seconds_768p"": ""0.08""}, ""sku_count"": 3, ""resolved_sku_count"": 3, ""unresolved_sku_keys"": [], ""has_any_price"": true, ""comparable_price"": {""unit"": ""usd_per_second"", ""usd"": 0.08, ""basis"": ""plain_rate"", ""basis_sku"": ""duration_seconds""}, ""usd_per_second_by_resolution"": {""default"": 0.08, ""480p"": 0.05, ""768p"": 0.08}, ""usd_per_image_by_resolution"": {}, ""unit_families"": [""usd_per_second""], ""unit_conversions_applied"": [], ""currency_assumptions"": [""duration_seconds"", ""duration_seconds_480p"", ""duration_seconds_768p""]}",,openrouter:/api/v1/videos/models,2026-09-17T03:40:50.991972+00:00
alibaba/wan-3.0-prime,alibaba/wan-3.0-prime-20260827,Alibaba: Wan 3.0 Prime,alibaba,video,Wan 3.0 Prime is a fast-mode variant of [Wan 3.0](https://openrouter.ai/alibaba/wan-3.0) from Alibaba. It supports text-to-video and first-frame image-to-video generation.,1787863800,,"{""modality"": null, ""input_modalities"": null, ""output_modalities"": [""video""], ""synthesized"": true}",,"[""video""]",,,,"[""480p"", ""720p"", ""1080p""]","[""16:9"", ""4:3"", ""1:1"", ""3:4"", ""9:16""]",,"[2, 3, 4, 5, 6, 7, 8, 9, 10, 11, 12, 13, 14, 15, 16, 17, 18, 19, 20, 21, 22, 23, 24, 25, 26, 27, 28, 29, 30]","[""first_frame""]",True,True,,,[],True,True,usd_per_second,0.14,720p_tier,"{""skus"": [{""sku"": ""duration_seconds_480p"", ""raw_value"": ""0.068"", ""amount"": 0.068, ""currency"": ""usd"", ""quantity"": ""second"", ""unit_family"": ""usd_per_second"", ""usd_amount"": 0.068, ""conversion_applied"": false, ""currency_assumed"": true, ""resolution_variant"": ""480p"", ""audio_variant"": null, ""operation"": null, ""is_minimum"": false, ""is_negative"": false, ""is_parseable"": true}, {""sku"": ""duration_seconds_720p"", ""raw_value"": ""0.14"", ""amount"": 0.14, ""currency"": ""usd"", ""quantity"": ""second"", ""unit_family"": ""usd_per_second"", ""usd_amount"": 0.14, ""conversion_applied"": false, ""currency_assumed"": true, ""resolution_variant"": ""720p"", ""audio_variant"": null, ""operation"": null, ""is_minimum"": false, ""is_negative"": false, ""is_parseable"": true}, {""sku"": ""duration_seconds_1080p"", ""raw_value"": ""0.28"", ""amount"": 0.28, ""currency"": ""usd"", ""quantity"": ""second"", ""unit_family"": ""usd_per_second"", ""usd_amount"": 0.28, ""conversion_applied"": false, ""currency_assumed"": true, ""resolution_variant"": ""1080p"", ""audio_variant"": null, ""operation"": null, ""is_minimum"": false, ""is_negative"": false, ""is_parseable"": true}], ""raw_pricing_skus"": {""duration_seconds_480p"": ""0.068"", ""duration_seconds_720p"": ""0.14"", ""duration_seconds_1080p"": ""0.28""}, ""sku_count"": 3, ""resolved_sku_count"": 3, ""unresolved_sku_keys"": [], ""has_any_price"": true, ""comparable_price"": {""unit"": ""usd_per_second"", ""usd"": 0.14, ""basis"": ""720p_tier"", ""basis_sku"": ""duration_seconds_720p""}, ""usd_per_second_by_resolution"": {""480p"": 0.068, ""720p"": 0.14, ""1080p"": 0.28}, ""usd_per_image_by_resolution"": {}, ""unit_families"": [""usd_per_second""], ""unit_conversions_applied"": [], ""currency_assumptions"": [""duration_seconds_1080p"", ""duration_seconds_480p"", ""duration_seconds_720p""]}",,openrouter:/api/v1/videos/models,2026-09-17T03:40:50.991972+00:00
alibaba/wan-3.0,alibaba/wan-3.0-20260824,Alibaba: Wan 3.0,alibaba,video,"Wan 3.0 is a video generation model from Alibaba for text-to-video, image-to-video, and reference-guided video generation. It produces 480p, 720p, or 1080p video with durations from 2 to 30 seconds.",1787603856,,"{""modality"": null, ""input_modalities"": null, ""output_modalities"": [""video""], ""synthesized"": true}",,"[""video""]",,,,"[""480p"", ""720p"", ""1080p""]","[""16:9"", ""4:3"", ""1:1"", ""3:4"", ""9:16""]",,"[2, 3, 4, 5, 6, 7, 8, 9, 10, 11, 12, 13, 14, 15, 16, 17, 18, 19, 20, 21, 22, 23, 24, 25, 26, 27, 28, 29, 30]","[""first_frame""]",True,True,,,[],True,True,usd_per_second,0.1,720p_tier,"{""skus"": [{""sku"": ""duration_seconds_480p"", ""raw_value"": ""0.05"", ""amount"": 0.05, ""currency"": ""usd"", ""quantity"": ""second"", ""unit_family"": ""usd_per_second"", ""usd_amount"": 0.05, ""conversion_applied"": false, ""currency_assumed"": true, ""resolution_variant"": ""480p"", ""audio_variant"": null, ""operation"": null, ""is_minimum"": false, ""is_negative"": false, ""is_parseable"": true}, {""sku"": ""duration_seconds_720p"", ""raw_value"": ""0.1"", ""amount"": 0.1, ""currency"": ""usd"", ""quantity"": ""second"", ""unit_family"": ""usd_per_second"", ""usd_amount"": 0.1, ""conversion_applied"": false, ""currency_assumed"": true, ""resolution_variant"": ""720p"", ""audio_variant"": null, ""operation"": null, ""is_minimum"": false, ""is_negative"": false, ""is_parseable"": true}, {""sku"": ""duration_seconds_1080p"", ""raw_value"": ""0.2"", ""amount"": 0.2, ""currency"": ""usd"", ""quantity"": ""second"", ""unit_family"": ""usd_per_second"", ""usd_amount"": 0.2, ""conversion_applied"": false, ""currency_assumed"": true, ""resolution_variant"": ""1080p"", ""audio_variant"": null, ""operation"": null, ""is_minimum"": false, ""is_negative"": false, ""is_parseable"": true}], ""raw_pricing_skus"": {""duration_seconds_480p"": ""0.05"", ""duration_seconds_720p"": ""0.1"", ""duration_seconds_1080p"": ""0.2""}, ""sku_count"": 3, ""resolved_sku_count"": 3, ""unresolved_sku_keys"": [], ""has_any_price"": true, ""comparable_price"": {""unit"": ""usd_per_second"", ""usd"": 0.1, ""basis"": ""720p_tier"", ""basis_sku"": ""duration_seconds_720p""}, ""usd_per_second_by_resolution"": {""480p"": 0.05, ""720p"": 0.1, ""1080p"": 0.2}, ""usd_per_image_by_resolution"": {}, ""unit_families"": [""usd_per_second""], ""unit_conversions_applied"": [], ""currency_assumptions"": [""duration_seconds_1080p"", ""duration_seconds_480p"", ""duration_seconds_720p""]}",,openrouter:/api/v1/videos/models,2026-09-17T03:40:50.991972+00:00
heygen/avatar-iv,heygen/avatar-iv-20260625,HeyGen: Avatar IV,heygen,video,"HeyGen: Avatar IV is an image-to-video model that animates a single photo into an expressive, lip-synced talking-head video. Rather than only matching mouth shapes to words, it interprets the vocal...",1787595728,,"{""modality"": null, ""input_modalities"": null, ""output_modalities"": [""video""], ""synthesized"": true}",,"[""video""]",,,,"[""720p"", ""1080p""]","[""16:9"", ""9:16"", ""1:1""]",,,,False,False,,,"[""voice_id"", ""voice_settings"", ""motion_prompt"", ""expressiveness"", ""fit"", ""remove_background"", ""background"", ""caption"", ""title""]",True,True,usd_per_second,0.05,plain_rate,"{""skus"": [{""sku"": ""duration_seconds"", ""raw_value"": ""0.05"", ""amount"": 0.05, ""currency"": ""usd"", ""quantity"": ""second"", ""unit_family"": ""usd_per_second"", ""usd_amount"": 0.05, ""conversion_applied"": false, ""currency_assumed"": true, ""resolution_variant"": null, ""audio_variant"": null, ""operation"": null, ""is_minimum"": false, ""is_negative"": false, ""is_parseable"": true}], ""raw_pricing_skus"": {""duration_seconds"": ""0.05""}, ""sku_count"": 1, ""resolved_sku_count"": 1, ""unresolved_sku_keys"": [], ""has_any_price"": true, ""comparable_price"": {""unit"": ""usd_per_second"", ""usd"": 0.05, ""basis"": ""plain_rate"", ""basis_sku"": ""duration_seconds""}, ""usd_per_second_by_resolution"": {""default"": 0.05}, ""usd_per_image_by_resolution"": {}, ""unit_families"": [""usd_per_second""], ""unit_conversions_applied"": [], ""currency_assumptions"": [""duration_seconds""]}",,openrouter:/api/v1/videos/models,2026-09-17T03:40:50.991972+00:00
black-forest-labs/flux-video-upscale,black-forest-labs/flux-video-upscale-20260819,Black Forest Labs: FLUX Video Upscale,black-forest-labs,video,"FLUX Video Upscale is a video upscaling model from Black Forest Labs. It enlarges a single source video by 1.5× to 3× while preserving its duration, with an optional prompt...",1787173919,,"{""modality"": null, ""input_modalities"": null, ""output_modalities"": [""video""], ""synthesized"": true}",,"[""video""]",,,,,,,,,False,False,"{""min"": 1.5, ""max"": 3}","[0, 1]","[""safety_tolerance""]",True,False,,,,"{""skus"": [{""sku"": ""cents_per_megapixel_second_precise"", ""raw_value"": ""7.5"", ""amount"": 7.5, ""currency"": ""cents"", ""quantity"": ""megapixel_second"", ""unit_family"": ""cents_per_megapixel_second"", ""usd_amount"": 0.075, ""conversion_applied"": true, ""currency_assumed"": false, ""resolution_variant"": null, ""audio_variant"": null, ""operation"": ""precise"", ""is_minimum"": false, ""is_negative"": false, ""is_parseable"": true}, {""sku"": ""cents_per_megapixel_second_creative"", ""raw_value"": ""10.5"", ""amount"": 10.5, ""currency"": ""cents"", ""quantity"": ""megapixel_second"", ""unit_family"": ""cents_per_megapixel_second"", ""usd_amount"": 0.105, ""conversion_applied"": true, ""currency_assumed"": false, ""resolution_variant"": null, ""audio_variant"": null, ""operation"": ""creative"", ""is_minimum"": false, ""is_negative"": false, ""is_parseable"": true}], ""raw_pricing_skus"": {""cents_per_megapixel_second_precise"": ""7.5"", ""cents_per_megapixel_second_creative"": ""10.5""}, ""sku_count"": 2, ""resolved_sku_count"": 2, ""unresolved_sku_keys"": [], ""has_any_price"": true, ""comparable_price"": {""unit"": null, ""usd"": null, ""basis"": null, ""basis_sku"": null}, ""usd_per_second_by_resolution"": {}, ""usd_per_image_by_resolution"": {}, ""unit_families"": [""cents_per_megapixel_second""], ""unit_conversions_applied"": [""cents_per_megapixel_second_creative"", ""cents_per_megapixel_second_precise""], ""currency_assumptions"": []}",,openrouter:/api/v1/videos/models,2026-09-17T03:40:50.991972+00:00
bytedance/seedance-2.0-mini,bytedance/seedance-2.0-mini-20260811,ByteDance: Seedance 2.0 Mini,bytedance,video,"Seedance 2.0 Mini is a video generation model from ByteDance. It supports text-to-video, image-to-video with first and last frame control, and multimodal reference-to-video with image, video, and audio inputs. It...",1786552600,,"{""modality"": null, ""input_modalities"": null, ""output_modalities"": [""video""], ""synthesized"": true}",,"[""video""]",,,,"[""480p"", ""720p""]","[""1:1"", ""3:4"", ""9:16"", ""4:3"", ""16:9"", ""21:9"", ""9:21""]","[""480x480"", ""480x640"", ""480x854"", ""640x480"", ""854x480"", ""1120x480"", ""720x720"", ""720x960"", ""720x1280"", ""720x1680"", ""960x720"", ""1280x720"", ""1680x720""]","[4, 5, 6, 7, 8, 9, 10, 11, 12, 13, 14, 15]","[""first_frame"", ""last_frame""]",True,True,,,"[""watermark"", ""req_key"", ""return_last_frame""]",True,False,,,,"{""skus"": [{""sku"": ""video_tokens"", ""raw_value"": ""0.0000035"", ""amount"": 3.5e-06, ""currency"": ""usd"", ""quantity"": ""video_token"", ""unit_family"": ""usd_per_video_token"", ""usd_amount"": 3.5e-06, ""conversion_applied"": false, ""currency_assumed"": true, ""resolution_variant"": null, ""audio_variant"": null, ""operation"": null, ""is_minimum"": false, ""is_negative"": false, ""is_parseable"": true}, {""sku"": ""video_tokens_without_audio"", ""raw_value"": ""0.0000035"", ""amount"": 3.5e-06, ""currency"": ""usd"", ""quantity"": ""video_token"", ""unit_family"": ""usd_per_video_token"", ""usd_amount"": 3.5e-06, ""conversion_applied"": false, ""currency_assumed"": true, ""resolution_variant"": null, ""audio_variant"": ""without_audio"", ""operation"": null, ""is_minimum"": false, ""is_negative"": false, ""is_parseable"": true}, {""sku"": ""video_tokens_with_video_input"", ""raw_value"": ""0.0000021"", ""amount"": 2.1e-06, ""currency"": ""usd"", ""quantity"": ""video_token"", ""unit_family"": ""usd_per_video_token"", ""usd_amount"": 2.1e-06, ""conversion_applied"": false, ""currency_assumed"": true, ""resolution_variant"": null, ""audio_variant"": null, ""operation"": null, ""is_minimum"": false, ""is_negative"": false, ""is_parseable"": true}], ""raw_pricing_skus"": {""video_tokens"": ""0.0000035"", ""video_tokens_without_audio"": ""0.0000035"", ""video_tokens_with_video_input"": ""0.0000021""}, ""sku_count"": 3, ""resolved_sku_count"": 3, ""unresolved_sku_keys"": [], ""has_any_price"": true, ""comparable_price"": {""unit"": null, ""usd"": null, ""basis"": null, ""basis_sku"": null}, ""usd_per_second_by_resolution"": {}, ""usd_per_image_by_resolution"": {}, ""unit_families"": [""usd_per_video_token""], ""unit_conversions_applied"": [], ""currency_assumptions"": [""video_tokens"", ""video_tokens_with_video_input"", ""video_tokens_without_audio""]}",,openrouter:/api/v1/videos/models,2026-09-17T03:40:50.991972+00:00
bytedance/seedance-2.5,bytedance/seedance-2.5-20260807,ByteDance: Seedance 2.5,bytedance,video,"Seedance 2.5 is a video generation model from ByteDance. It is suited for long-form storytelling, multimodal reference-based generation, video editing, and video extension. It supports first-frame and first-and-last-frame control, up...",1786141253,,"{""modality"": null, ""input_modalities"": null, ""output_modalities"": [""video""], ""synthesized"": true}",,"[""video""]",,,,"[""480p"", ""720p""]","[""16:9"", ""4:3"", ""1:1"", ""3:4"", ""9:16"", ""21:9""]","[""854x480"", ""752x560"", ""640x640"", ""560x752"", ""480x854"", ""992x432"", ""1280x720"", ""1112x834"", ""960x960"", ""834x1112"", ""720x1280"", ""1470x630""]","[4, 5, 6, 7, 8, 9, 10, 11, 12, 13, 14, 15, 16, 17, 18, 19, 20, 21, 22, 23, 24, 25, 26, 27, 28, 29, 30]","[""first_frame"", ""last_frame""]",True,True,,,"[""watermark"", ""req_key"", ""output_format""]",True,False,,,,"{""skus"": [{""sku"": ""video_tokens"", ""raw_value"": ""0.0000107"", ""amount"": 1.07e-05, ""currency"": ""usd"", ""quantity"": ""video_token"", ""unit_family"": ""usd_per_video_token"", ""usd_amount"": 1.07e-05, ""conversion_applied"": false, ""currency_assumed"": true, ""resolution_variant"": null, ""audio_variant"": null, ""operation"": null, ""is_minimum"": false, ""is_negative"": false, ""is_parseable"": true}, {""sku"": ""video_tokens_without_audio"", ""raw_value"": ""0.0000107"", ""amount"": 1.07e-05, ""currency"": ""usd"", ""quantity"": ""video_token"", ""unit_family"": ""usd_per_video_token"", ""usd_amount"": 1.07e-05, ""conversion_applied"": false, ""currency_assumed"": true, ""resolution_variant"": null, ""audio_variant"": ""without_audio"", ""operation"": null, ""is_minimum"": false, ""is_negative"": false, ""is_parseable"": true}, {""sku"": ""video_tokens_with_video_input"", ""raw_value"": ""0.0000064"", ""amount"": 6.4e-06, ""currency"": ""usd"", ""quantity"": ""video_token"", ""unit_family"": ""usd_per_video_token"", ""usd_amount"": 6.4e-06, ""conversion_applied"": false, ""currency_assumed"": true, ""resolution_variant"": null, ""audio_variant"": null, ""operation"": null, ""is_minimum"": false, ""is_negative"": false, ""is_parseable"": true}], ""raw_pricing_skus"": {""video_tokens"": ""0.0000107"", ""video_tokens_without_audio"": ""0.0000107"", ""video_tokens_with_video_input"": ""0.0000064""}, ""sku_count"": 3, ""resolved_sku_count"": 3, ""unresolved_sku_keys"": [], ""has_any_price"": true, ""comparable_price"": {""unit"": null, ""usd"": null, ""basis"": null, ""basis_sku"": null}, ""usd_per_second_by_resolution"": {}, ""usd_per_image_by_resolution"": {}, ""unit_families"": [""usd_per_video_token""], ""unit_conversions_applied"": [], ""currency_assumptions"": [""video_tokens"", ""video_tokens_with_video_input"", ""video_tokens_without_audio""]}",,openrouter:/api/v1/videos/models,2026-09-17T03:40:50.991972+00:00
black-forest-labs/flux-3-video,black-forest-labs/flux-3-video-20260804,Black Forest Labs: FLUX.3 Video,black-forest-labs,video,"FLUX.3 Video is a video generation model from Black Forest Labs. It supports text-to-video, image-guided generation with opening and closing keyframes, and video continuation workflows, making it suited for controlled...",1785858831,,"{""modality"": null, ""input_modalities"": null, ""output_modalities"": [""video""], ""synthesized"": true}",,"[""video""]",,,,"[""720p"", ""1080p""]","[""21:9"", ""16:9"", ""4:3"", ""1:1"", ""3:4"", ""9:16""]",,"[5, 6, 7, 8, 9, 10, 11, 12, 13, 14, 15, 16, 17, 18, 19, 20]","[""first_frame"", ""last_frame""]",True,False,,,"[""safety_tolerance"", ""version""]",True,True,usd_per_second,0.17,plain_rate,"{""skus"": [{""sku"": ""cents_per_second_output"", ""raw_value"": ""17"", ""amount"": 17.0, ""currency"": ""cents"", ""quantity"": ""second"", ""unit_family"": ""cents_per_second"", ""usd_amount"": 0.17, ""conversion_applied"": true, ""currency_assumed"": false, ""resolution_variant"": null, ""audio_variant"": null, ""operation"": null, ""is_minimum"": false, ""is_negative"": false, ""is_parseable"": true}, {""sku"": ""cents_per_second_output_720p"", ""raw_value"": ""17"", ""amount"": 17.0, ""currency"": ""cents"", ""quantity"": ""second"", ""unit_family"": ""cents_per_second"", ""usd_amount"": 0.17, ""conversion_applied"": true, ""currency_assumed"": false, ""resolution_variant"": ""720p"", ""audio_variant"": null, ""operation"": null, ""is_minimum"": false, ""is_negative"": false, ""is_parseable"": true}, {""sku"": ""cents_per_second_output_1080p"", ""raw_value"": ""29"", ""amount"": 29.0, ""currency"": ""cents"", ""quantity"": ""second"", ""unit_family"": ""cents_per_second"", ""usd_amount"": 0.29, ""conversion_applied"": true, ""currency_assumed"": false, ""resolution_variant"": ""1080p"", ""audio_variant"": null, ""operation"": null, ""is_minimum"": false, ""is_negative"": false, ""is_parseable"": true}, {""sku"": ""cents_per_second_video_continuation_720p"", ""raw_value"": ""41"", ""amount"": 41.0, ""currency"": ""cents"", ""quantity"": ""second"", ""unit_family"": ""cents_per_second"", ""usd_amount"": 0.41000000000000003, ""conversion_applied"": true, ""currency_assumed"": false, ""resolution_variant"": ""720p"", ""audio_variant"": null, ""operation"": ""video_continuation"", ""is_minimum"": false, ""is_negative"": false, ""is_parseable"": true}, {""sku"": ""cents_per_second_video_continuation_1080p"", ""raw_value"": ""53"", ""amount"": 53.0, ""currency"": ""cents"", ""quantity"": ""second"", ""unit_family"": ""cents_per_second"", ""usd_amount"": 0.53, ""conversion_applied"": true, ""currency_assumed"": false, ""resolution_variant"": ""1080p"", ""audio_variant"": null, ""operation"": ""video_continuation"", ""is_minimum"": false, ""is_negative"": false, ""is_parseable"": true}], ""raw_pricing_skus"": {""cents_per_second_output"": ""17"", ""cents_per_second_output_720p"": ""17"", ""cents_per_second_output_1080p"": ""29"", ""cents_per_second_video_continuation_720p"": ""41"", ""cents_per_second_video_continuation_1080p"": ""53""}, ""sku_count"": 5, ""resolved_sku_count"": 5, ""unresolved_sku_keys"": [], ""has_any_price"": true, ""comparable_price"": {""unit"": ""usd_per_second"", ""usd"": 0.17, ""basis"": ""plain_rate"", ""basis_sku"": ""cents_per_second_output""}, ""usd_per_second_by_resolution"": {""default"": 0.17, ""720p"": 0.17, ""1080p"": 0.29}, ""usd_per_image_by_resolution"": {}, ""unit_families"": [""cents_per_second""], ""unit_conversions_applied"": [""cents_per_second_output"", ""cents_per_second_output_1080p"", ""cents_per_second_output_720p"", ""cents_per_second_video_continuation_1080p"", ""cents_per_second_video_continuation_720p""], ""currency_assumptions"": []}",,openrouter:/api/v1/videos/models,2026-09-17T03:40:50.991972+00:00
minimax/hailuo-3,minimax/hailuo-03-20260730,MiniMax: H3,minimax,video,"MiniMax H3 is a lightweight, open-weights video generation model from MiniMax. It is designed for precise multimodal editing and controlled content generation, including instruction-guided edits, text and brand rendering, and...",1785366648,,"{""modality"": null, ""input_modalities"": null, ""output_modalities"": [""video""], ""synthesized"": true}",,"[""video""]",,,,"[""2K""]","[""21:9"", ""16:9"", ""4:3"", ""1:1"", ""3:4"", ""9:16""]",,"[5, 6, 7, 8, 9, 10, 11, 12, 13, 14, 15]","[""first_frame"", ""last_frame""]",True,False,,,"[""aigc_watermark""]",True,True,usd_per_second,0.13,plain_rate,"{""skus"": [{""sku"": ""duration_seconds"", ""raw_value"": ""0.13"", ""amount"": 0.13, ""currency"": ""usd"", ""quantity"": ""second"", ""unit_family"": ""usd_per_second"", ""usd_amount"": 0.13, ""conversion_applied"": false, ""currency_assumed"": true, ""resolution_variant"": null, ""audio_variant"": null, ""operation"": null, ""is_minimum"": false, ""is_negative"": false, ""is_parseable"": true}, {""sku"": ""reference_images"", ""raw_value"": ""0.04"", ""amount"": 0.04, ""currency"": ""usd"", ""quantity"": ""image"", ""unit_family"": ""usd_per_image"", ""usd_amount"": 0.04, ""conversion_applied"": false, ""currency_assumed"": true, ""resolution_variant"": null, ""audio_variant"": null, ""operation"": ""reference_image"", ""is_minimum"": false, ""is_negative"": false, ""is_parseable"": true}], ""raw_pricing_skus"": {""duration_seconds"": ""0.13"", ""reference_images"": ""0.04""}, ""sku_count"": 2, ""resolved_sku_count"": 2, ""unresolved_sku_keys"": [], ""has_any_price"": true, ""comparable_price"": {""unit"": ""usd_per_second"", ""usd"": 0.13, ""basis"": ""plain_rate"", ""basis_sku"": ""duration_seconds""}, ""usd_per_second_by_resolution"": {""default"": 0.13}, ""usd_per_image_by_resolution"": {}, ""unit_families"": [""usd_per_image"", ""usd_per_second""], ""unit_conversions_applied"": [], ""currency_assumptions"": [""duration_seconds"", ""reference_images""]}",,openrouter:/api/v1/videos/models,2026-09-17T03:40:50.991972+00:00
runway/aleph-2,runway/aleph-2-20260729,Runway: Aleph 2.0,runway,video,Runway Aleph 2.0 is an in-context video editing model from Runway. It applies text instructions and keyframe-guided edits across existing footage while preserving details that are not meant to change....,1785339484,,"{""modality"": null, ""input_modalities"": null, ""output_modalities"": [""video""], ""synthesized"": true}",,"[""video""]",,,,,"[""16:9"", ""4:3"", ""3:2"", ""1:1"", ""2:3"", ""3:4"", ""9:16"", ""21:9""]",,,,False,True,,,"[""contentModeration"", ""keyframes""]",True,True,usd_per_second,0.28,plain_rate,"{""skus"": [{""sku"": ""cents_per_second_output"", ""raw_value"": ""28"", ""amount"": 28.0, ""currency"": ""cents"", ""quantity"": ""second"", ""unit_family"": ""cents_per_second"", ""usd_amount"": 0.28, ""conversion_applied"": true, ""currency_assumed"": false, ""resolution_variant"": null, ""audio_variant"": null, ""operation"": null, ""is_minimum"": false, ""is_negative"": false, ""is_parseable"": true}, {""sku"": ""minimum_cents_per_generation"", ""raw_value"": ""56"", ""amount"": 56.0, ""currency"": ""cents"", ""quantity"": ""generation"", ""unit_family"": ""cents_per_generation"", ""usd_amount"": 0.56, ""conversion_applied"": true, ""currency_assumed"": false, ""resolution_variant"": null, ""audio_variant"": null, ""operation"": null, ""is_minimum"": true, ""is_negative"": false, ""is_parseable"": true}], ""raw_pricing_skus"": {""cents_per_second_output"": ""28"", ""minimum_cents_per_generation"": ""56""}, ""sku_count"": 2, ""resolved_sku_count"": 2, ""unresolved_sku_keys"": [], ""has_any_price"": true, ""comparable_price"": {""unit"": ""usd_per_second"", ""usd"": 0.28, ""basis"": ""plain_rate"", ""basis_sku"": ""cents_per_second_output""}, ""usd_per_second_by_resolution"": {""default"": 0.28}, ""usd_per_image_by_resolution"": {}, ""unit_families"": [""cents_per_generation"", ""cents_per_second""], ""unit_conversions_applied"": [""cents_per_second_output"", ""minimum_cents_per_generation""], ""currency_assumptions"": []}",,openrouter:/api/v1/videos/models,2026-09-17T03:40:50.991972+00:00
runway/gen-4.5,runway/gen-4.5-20260729,Runway: Gen-4.5,runway,video,"Runway Gen-4.5 is a video generation model from Runway for text-to-video and image-to-video workflows. It is designed for cinematic scene creation with strong motion quality, visual fidelity, and prompt adherence....",1785339483,,"{""modality"": null, ""input_modalities"": null, ""output_modalities"": [""video""], ""synthesized"": true}",,"[""video""]",,,,"[""720p""]","[""16:9"", ""9:16""]","[""1280x720"", ""720x1280""]","[2, 3, 4, 5, 6, 7, 8, 9, 10]","[""first_frame""]",False,True,,,"[""contentModeration""]",True,True,usd_per_second,0.12,plain_rate,"{""skus"": [{""sku"": ""cents_per_second_output"", ""raw_value"": ""12"", ""amount"": 12.0, ""currency"": ""cents"", ""quantity"": ""second"", ""unit_family"": ""cents_per_second"", ""usd_amount"": 0.12, ""conversion_applied"": true, ""currency_assumed"": false, ""resolution_variant"": null, ""audio_variant"": null, ""operation"": null, ""is_minimum"": false, ""is_negative"": false, ""is_parseable"": true}], ""raw_pricing_skus"": {""cents_per_second_output"": ""12""}, ""sku_count"": 1, ""resolved_sku_count"": 1, ""unresolved_sku_keys"": [], ""has_any_price"": true, ""comparable_price"": {""unit"": ""usd_per_second"", ""usd"": 0.12, ""basis"": ""plain_rate"", ""basis_sku"": ""cents_per_second_output""}, ""usd_per_second_by_resolution"": {""default"": 0.12}, ""usd_per_image_by_resolution"": {}, ""unit_families"": [""cents_per_second""], ""unit_conversions_applied"": [""cents_per_second_output""], ""currency_assumptions"": []}",,openrouter:/api/v1/videos/models,2026-09-17T03:40:50.991972+00:00
x-ai/grok-imagine-video-1.5,x-ai/grok-imagine-video-1.5-20260719,SpaceXAI: Grok Imagine Video 1.5,x-ai,video,"Grok Imagine Video 1.5 is a video generation model from SpaceXAI. It creates videos from text prompts, with an optional starting image to guide the scene. It can direct subject...",1784548100,,"{""modality"": null, ""input_modalities"": null, ""output_modalities"": [""video""], ""synthesized"": true}",,"[""video""]",,,,"[""480p"", ""720p"", ""1080p""]","[""16:9"", ""9:16"", ""1:1"", ""4:3"", ""3:4"", ""3:2"", ""2:3""]",,"[1, 2, 3, 4, 5, 6, 7, 8, 9, 10, 11, 12, 13, 14, 15]","[""first_frame""]",,,,,[],True,True,usd_per_second,0.14,720p_tier,"{""skus"": [{""sku"": ""cents_per_image_input"", ""raw_value"": ""1"", ""amount"": 1.0, ""currency"": ""cents"", ""quantity"": ""image"", ""unit_family"": ""cents_per_image"", ""usd_amount"": 0.01, ""conversion_applied"": true, ""currency_assumed"": false, ""resolution_variant"": null, ""audio_variant"": null, ""operation"": ""image_input"", ""is_minimum"": false, ""is_negative"": false, ""is_parseable"": true}, {""sku"": ""cents_per_video_output_second_480p"", ""raw_value"": ""8"", ""amount"": 8.0, ""currency"": ""cents"", ""quantity"": ""second"", ""unit_family"": ""cents_per_second"", ""usd_amount"": 0.08, ""conversion_applied"": true, ""currency_assumed"": false, ""resolution_variant"": ""480p"", ""audio_variant"": null, ""operation"": null, ""is_minimum"": false, ""is_negative"": false, ""is_parseable"": true}, {""sku"": ""cents_per_video_output_second_720p"", ""raw_value"": ""14"", ""amount"": 14.0, ""currency"": ""cents"", ""quantity"": ""second"", ""unit_family"": ""cents_per_second"", ""usd_amount"": 0.14, ""conversion_applied"": true, ""currency_assumed"": false, ""resolution_variant"": ""720p"", ""audio_variant"": null, ""operation"": null, ""is_minimum"": false, ""is_negative"": false, ""is_parseable"": true}, {""sku"": ""cents_per_video_output_second_1080p"", ""raw_value"": ""25"", ""amount"": 25.0, ""currency"": ""cents"", ""quantity"": ""second"", ""unit_family"": ""cents_per_second"", ""usd_amount"": 0.25, ""conversion_applied"": true, ""currency_assumed"": false, ""resolution_variant"": ""1080p"", ""audio_variant"": null, ""operation"": null, ""is_minimum"": false, ""is_negative"": false, ""is_parseable"": true}], ""raw_pricing_skus"": {""cents_per_image_input"": ""1"", ""cents_per_video_output_second_480p"": ""8"", ""cents_per_video_output_second_720p"": ""14"", ""cents_per_video_output_second_1080p"": ""25""}, ""sku_count"": 4, ""resolved_sku_count"": 4, ""unresolved_sku_keys"": [], ""has_any_price"": true, ""comparable_price"": {""unit"": ""usd_per_second"", ""usd"": 0.14, ""basis"": ""720p_tier"", ""basis_sku"": ""cents_per_video_output_second_720p""}, ""usd_per_second_by_resolution"": {""480p"": 0.08, ""720p"": 0.14, ""1080p"": 0.25}, ""usd_per_image_by_resolution"": {}, ""unit_families"": [""cents_per_image"", ""cents_per_second""], ""unit_conversions_applied"": [""cents_per_image_input"", ""cents_per_video_output_second_1080p"", ""cents_per_video_output_second_480p"", ""cents_per_video_output_second_720p""], ""currency_assumptions"": []}",,openrouter:/api/v1/videos/models,2026-09-17T03:40:50.991972+00:00
alibaba/happyhorse-1.1,alibaba/happyhorse-1.1-20260624,Alibaba: HappyHorse 1.1,alibaba,video,"HappyHorse 1.1 is a video generation model from Alibaba. It generates short videos from a text prompt, a single starting image, or a set of reference images, with output up...",1782269643,,"{""modality"": null, ""input_modalities"": null, ""output_modalities"": [""video""], ""synthesized"": true}",,"[""video""]",,,,"[""720p"", ""1080p""]","[""16:9"", ""9:16"", ""1:1"", ""4:3"", ""3:4"", ""21:9"", ""9:21""]","[""1280x720"", ""720x1280"", ""720x720"", ""960x720"", ""720x960"", ""1680x720"", ""720x1680"", ""1920x1080"", ""1080x1920"", ""1080x1080"", ""1440x1080"", ""1080x1440"", ""2520x1080"", ""1080x2520""]","[3, 4, 5, 6, 7, 8, 9, 10, 11, 12, 13, 14, 15]","[""first_frame""]",,True,,,[],True,True,usd_per_second,0.0988,720p_tier,"{""skus"": [{""sku"": ""duration_seconds_720p"", ""raw_value"": ""0.0988"", ""amount"": 0.0988, ""currency"": ""usd"", ""quantity"": ""second"", ""unit_family"": ""usd_per_second"", ""usd_amount"": 0.0988, ""conversion_applied"": false, ""currency_assumed"": true, ""resolution_variant"": ""720p"", ""audio_variant"": null, ""operation"": null, ""is_minimum"": false, ""is_negative"": false, ""is_parseable"": true}, {""sku"": ""duration_seconds_1080p"", ""raw_value"": ""0.1278"", ""amount"": 0.1278, ""currency"": ""usd"", ""quantity"": ""second"", ""unit_family"": ""usd_per_second"", ""usd_amount"": 0.1278, ""conversion_applied"": false, ""currency_assumed"": true, ""resolution_variant"": ""1080p"", ""audio_variant"": null, ""operation"": null, ""is_minimum"": false, ""is_negative"": false, ""is_parseable"": true}], ""raw_pricing_skus"": {""duration_seconds_720p"": ""0.0988"", ""duration_seconds_1080p"": ""0.1278""}, ""sku_count"": 2, ""resolved_sku_count"": 2, ""unresolved_sku_keys"": [], ""has_any_price"": true, ""comparable_price"": {""unit"": ""usd_per_second"", ""usd"": 0.0988, ""basis"": ""720p_tier"", ""basis_sku"": ""duration_seconds_720p""}, ""usd_per_second_by_resolution"": {""720p"": 0.0988, ""1080p"": 0.1278}, ""usd_per_image_by_resolution"": {}, ""unit_families"": [""usd_per_second""], ""unit_conversions_applied"": [], ""currency_assumptions"": [""duration_seconds_1080p"", ""duration_seconds_720p""]}",,openrouter:/api/v1/videos/models,2026-09-17T03:40:50.991972+00:00
alibaba/happyhorse-1.0,alibaba/happyhorse-1.0-20260624,Alibaba: HappyHorse 1.0,alibaba,video,"HappyHorse 1.0 is a video generation model from Alibaba. It generates short videos from a text prompt, a single starting image, or a set of reference images, with output up...",1782260324,,"{""modality"": null, ""input_modalities"": null, ""output_modalities"": [""video""], ""synthesized"": true}",,"[""video""]",,,,"[""720p"", ""1080p""]","[""16:9"", ""9:16"", ""1:1"", ""4:3"", ""3:4"", ""21:9"", ""9:21""]","[""1280x720"", ""720x1280"", ""720x720"", ""960x720"", ""720x960"", ""1680x720"", ""720x1680"", ""1920x1080"", ""1080x1920"", ""1080x1080"", ""1440x1080"", ""1080x1440"", ""2520x1080"", ""1080x2520""]","[3, 4, 5, 6, 7, 8, 9, 10, 11, 12, 13, 14, 15]","[""first_frame""]",,True,,,[],True,True,usd_per_second,0.0988,720p_tier,"{""skus"": [{""sku"": ""duration_seconds_720p"", ""raw_value"": ""0.0988"", ""amount"": 0.0988, ""currency"": ""usd"", ""quantity"": ""second"", ""unit_family"": ""usd_per_second"", ""usd_amount"": 0.0988, ""conversion_applied"": false, ""currency_assumed"": true, ""resolution_variant"": ""720p"", ""audio_variant"": null, ""operation"": null, ""is_minimum"": false, ""is_negative"": false, ""is_parseable"": true}, {""sku"": ""duration_seconds_1080p"", ""raw_value"": ""0.1694"", ""amount"": 0.1694, ""currency"": ""usd"", ""quantity"": ""second"", ""unit_family"": ""usd_per_second"", ""usd_amount"": 0.1694, ""conversion_applied"": false, ""currency_assumed"": true, ""resolution_variant"": ""1080p"", ""audio_variant"": null, ""operation"": null, ""is_minimum"": false, ""is_negative"": false, ""is_parseable"": true}], ""raw_pricing_skus"": {""duration_seconds_720p"": ""0.0988"", ""duration_seconds_1080p"": ""0.1694""}, ""sku_count"": 2, ""resolved_sku_count"": 2, ""unresolved_sku_keys"": [], ""has_any_price"": true, ""comparable_price"": {""unit"": ""usd_per_second"", ""usd"": 0.0988, ""basis"": ""720p_tier"", ""basis_sku"": ""duration_seconds_720p""}, ""usd_per_second_by_resolution"": {""720p"": 0.0988, ""1080p"": 0.1694}, ""usd_per_image_by_resolution"": {}, ""unit_families"": [""usd_per_second""], ""unit_conversions_applied"": [], ""currency_assumptions"": [""duration_seconds_1080p"", ""duration_seconds_720p""]}",,openrouter:/api/v1/videos/models,2026-09-17T03:40:50.991972+00:00
x-ai/grok-imagine-video,x-ai/grok-imagine-video-20260512,SpaceXAI: Grok Imagine Video,x-ai,video,"Grok Imagine Video is SpaceXAI's fast, text-, image-, and reference-conditioned video generation model. It produces short videos (1–15 seconds, 24 fps) at 480p or 720p across seven aspect ratios -...",1779117586,,"{""modality"": null, ""input_modalities"": null, ""output_modalities"": [""video""], ""synthesized"": true}",,"[""video""]",,,,"[""480p"", ""720p""]","[""16:9"", ""9:16"", ""1:1"", ""4:3"", ""3:4"", ""3:2"", ""2:3""]","[""854x480"", ""1280x720"", ""480x854"", ""720x1280"", ""480x480"", ""720x720"", ""640x480"", ""960x720"", ""480x640"", ""720x960"", ""720x480"", ""1080x720"", ""480x720"", ""720x1080""]","[1, 2, 3, 4, 5, 6, 7, 8, 9, 10, 11, 12, 13, 14, 15]","[""first_frame""]",,,,,[],True,True,usd_per_second,0.07,720p_tier,"{""skus"": [{""sku"": ""cents_per_image_input"", ""raw_value"": ""0.2"", ""amount"": 0.2, ""currency"": ""cents"", ""quantity"": ""image"", ""unit_family"": ""cents_per_image"", ""usd_amount"": 0.002, ""conversion_applied"": true, ""currency_assumed"": false, ""resolution_variant"": null, ""audio_variant"": null, ""operation"": ""image_input"", ""is_minimum"": false, ""is_negative"": false, ""is_parseable"": true}, {""sku"": ""cents_per_video_output_second_480p"", ""raw_value"": ""5"", ""amount"": 5.0, ""currency"": ""cents"", ""quantity"": ""second"", ""unit_family"": ""cents_per_second"", ""usd_amount"": 0.05, ""conversion_applied"": true, ""currency_assumed"": false, ""resolution_variant"": ""480p"", ""audio_variant"": null, ""operation"": null, ""is_minimum"": false, ""is_negative"": false, ""is_parseable"": true}, {""sku"": ""cents_per_video_output_second_720p"", ""raw_value"": ""7"", ""amount"": 7.0, ""currency"": ""cents"", ""quantity"": ""second"", ""unit_family"": ""cents_per_second"", ""usd_amount"": 0.07, ""conversion_applied"": true, ""currency_assumed"": false, ""resolution_variant"": ""720p"", ""audio_variant"": null, ""operation"": null, ""is_minimum"": false, ""is_negative"": false, ""is_parseable"": true}], ""raw_pricing_skus"": {""cents_per_image_input"": ""0.2"", ""cents_per_video_output_second_480p"": ""5"", ""cents_per_video_output_second_720p"": ""7""}, ""sku_count"": 3, ""resolved_sku_count"": 3, ""unresolved_sku_keys"": [], ""has_any_price"": true, ""comparable_price"": {""unit"": ""usd_per_second"", ""usd"": 0.07, ""basis"": ""720p_tier"", ""basis_sku"": ""cents_per_video_output_second_720p""}, ""usd_per_second_by_resolution"": {""480p"": 0.05, ""720p"": 0.07}, ""usd_per_image_by_resolution"": {}, ""unit_families"": [""cents_per_image"", ""cents_per_second""], ""unit_conversions_applied"": [""cents_per_image_input"", ""cents_per_video_output_second_480p"", ""cents_per_video_output_second_720p""], ""currency_assumptions"": []}",,openrouter:/api/v1/videos/models,2026-09-17T03:40:50.991972+00:00
kwaivgi/kling-v3.0-pro,kwaivgi/kling-v3.0-pro-20260429,Kling: Video v3.0 Pro,kwaivgi,video,"Kling v3.0 Pro is Kuaishou's premium video generation model, offering higher visual quality than the Standard tier. It supports text-to-video and image-to-video workflows, with first-frame and last-frame control for precise...",1777496206,,"{""modality"": null, ""input_modalities"": null, ""output_modalities"": [""video""], ""synthesized"": true}",,"[""video""]",,,,"[""720p""]","[""16:9"", ""9:16"", ""1:1""]","[""1280x720"", ""720x1280"", ""720x720""]","[3, 4, 5, 6, 7, 8, 9, 10, 11, 12, 13, 14, 15]","[""first_frame"", ""last_frame""]",True,False,,,"[""negative_prompt"", ""cfg_scale""]",True,True,usd_per_second,0.112,plain_rate,"{""skus"": [{""sku"": ""duration_seconds"", ""raw_value"": ""0.112"", ""amount"": 0.112, ""currency"": ""usd"", ""quantity"": ""second"", ""unit_family"": ""usd_per_second"", ""usd_amount"": 0.112, ""conversion_applied"": false, ""currency_assumed"": true, ""resolution_variant"": null, ""audio_variant"": null, ""operation"": null, ""is_minimum"": false, ""is_negative"": false, ""is_parseable"": true}, {""sku"": ""duration_seconds_with_audio"", ""raw_value"": ""0.168"", ""amount"": 0.168, ""currency"": ""usd"", ""quantity"": ""second"", ""unit_family"": ""usd_per_second"", ""usd_amount"": 0.168, ""conversion_applied"": false, ""currency_assumed"": true, ""resolution_variant"": null, ""audio_variant"": ""with_audio"", ""operation"": null, ""is_minimum"": false, ""is_negative"": false, ""is_parseable"": true}, {""sku"": ""text_to_video_duration_seconds_480p"", ""raw_value"": ""0.112"", ""amount"": 0.112, ""currency"": ""usd"", ""quantity"": ""second"", ""unit_family"": ""usd_per_second"", ""usd_amount"": 0.112, ""conversion_applied"": false, ""currency_assumed"": true, ""resolution_variant"": ""480p"", ""audio_variant"": null, ""operation"": ""text_to_video"", ""is_minimum"": false, ""is_negative"": false, ""is_parseable"": true}, {""sku"": ""text_to_video_duration_seconds_720p"", ""raw_value"": ""0.112"", ""amount"": 0.112, ""currency"": ""usd"", ""quantity"": ""second"", ""unit_family"": ""usd_per_second"", ""usd_amount"": 0.112, ""conversion_applied"": false, ""currency_assumed"": true, ""resolution_variant"": ""720p"", ""audio_variant"": null, ""operation"": ""text_to_video"", ""is_minimum"": false, ""is_negative"": false, ""is_parseable"": true}, {""sku"": ""image_to_video_duration_seconds_720p"", ""raw_value"": ""0.112"", ""amount"": 0.112, ""currency"": ""usd"", ""quantity"": ""image"", ""unit_family"": ""usd_per_image"", ""usd_amount"": 0.112, ""conversion_applied"": false, ""currency_assumed"": true, ""resolution_variant"": ""720p"", ""audio_variant"": null, ""operation"": ""image_to_video"", ""is_minimum"": false, ""is_negative"": false, ""is_parseable"": true}, {""sku"": ""text_to_video_duration_seconds_1080p"", ""raw_value"": ""0.112"", ""amount"": 0.112, ""currency"": ""usd"", ""quantity"": ""second"", ""unit_family"": ""usd_per_second"", ""usd_amount"": 0.112, ""conversion_applied"": false, ""currency_assumed"": true, ""resolution_variant"": ""1080p"", ""audio_variant"": null, ""operation"": ""text_to_video"", ""is_minimum"": false, ""is_negative"": false, ""is_parseable"": true}, {""sku"": ""image_to_video_duration_seconds_1080p"", ""raw_value"": ""0.112"", ""amount"": 0.112, ""currency"": ""usd"", ""quantity"": ""image"", ""unit_family"": ""usd_per_image"", ""usd_amount"": 0.112, ""conversion_applied"": false, ""currency_assumed"": true, ""resolution_variant"": ""1080p"", ""audio_variant"": null, ""operation"": ""image_to_video"", ""is_minimum"": false, ""is_negative"": false, ""is_parseable"": true}], ""raw_pricing_skus"": {""duration_seconds"": ""0.112"", ""duration_seconds_with_audio"": ""0.168"", ""text_to_video_duration_seconds_480p"": ""0.112"", ""text_to_video_duration_seconds_720p"": ""0.112"", ""image_to_video_duration_seconds_720p"": ""0.112"", ""text_to_video_duration_seconds_1080p"": ""0.112"", ""image_to_video_duration_seconds_1080p"": ""0.112""}, ""sku_count"": 7, ""resolved_sku_count"": 7, ""unresolved_sku_keys"": [], ""has_any_price"": true, ""comparable_price"": {""unit"": ""usd_per_second"", ""usd"": 0.112, ""basis"": ""plain_rate"", ""basis_sku"": ""duration_seconds""}, ""usd_per_second_by_resolution"": {""default"": 0.112}, ""usd_per_image_by_resolution"": {}, ""unit_families"": [""usd_per_image"", ""usd_per_second""], ""unit_conversions_applied"": [], ""currency_assumptions"": [""duration_seconds"", ""duration_seconds_with_audio"", ""image_to_video_duration_seconds_1080p"", ""image_to_video_duration_seconds_720p"", ""text_to_video_duration_seconds_1080p"", ""text_to_video_duration_seconds_480p"", ""text_to_video_duration_seconds_720p""]}",,openrouter:/api/v1/videos/models,2026-09-17T03:40:50.991972+00:00
kwaivgi/kling-v3.0-std,kwaivgi/kling-v3.0-std-20260429,Kling: Video v3.0 Standard,kwaivgi,video,"Kling v3.0 Standard is a video generation model from Kuaishou. It supports text-to-video and image-to-video workflows, with first-frame and last-frame control for guided scene composition. Clips range from 3 to...",1777496205,,"{""modality"": null, ""input_modalities"": null, ""output_modalities"": [""video""], ""synthesized"": true}",,"[""video""]",,,,"[""720p""]","[""16:9"", ""9:16"", ""1:1""]","[""1280x720"", ""720x1280"", ""720x720""]","[3, 4, 5, 6, 7, 8, 9, 10, 11, 12, 13, 14, 15]","[""first_frame"", ""last_frame""]",True,False,,,"[""negative_prompt"", ""cfg_scale""]",True,True,usd_per_second,0.084,plain_rate,"{""skus"": [{""sku"": ""duration_seconds"", ""raw_value"": ""0.084"", ""amount"": 0.084, ""currency"": ""usd"", ""quantity"": ""second"", ""unit_family"": ""usd_per_second"", ""usd_amount"": 0.084, ""conversion_applied"": false, ""currency_assumed"": true, ""resolution_variant"": null, ""audio_variant"": null, ""operation"": null, ""is_minimum"": false, ""is_negative"": false, ""is_parseable"": true}, {""sku"": ""duration_seconds_with_audio"", ""raw_value"": ""0.126"", ""amount"": 0.126, ""currency"": ""usd"", ""quantity"": ""second"", ""unit_family"": ""usd_per_second"", ""usd_amount"": 0.126, ""conversion_applied"": false, ""currency_assumed"": true, ""resolution_variant"": null, ""audio_variant"": ""with_audio"", ""operation"": null, ""is_minimum"": false, ""is_negative"": false, ""is_parseable"": true}, {""sku"": ""text_to_video_duration_seconds_480p"", ""raw_value"": ""0.084"", ""amount"": 0.084, ""currency"": ""usd"", ""quantity"": ""second"", ""unit_family"": ""usd_per_second"", ""usd_amount"": 0.084, ""conversion_applied"": false, ""currency_assumed"": true, ""resolution_variant"": ""480p"", ""audio_variant"": null, ""operation"": ""text_to_video"", ""is_minimum"": false, ""is_negative"": false, ""is_parseable"": true}, {""sku"": ""text_to_video_duration_seconds_720p"", ""raw_value"": ""0.084"", ""amount"": 0.084, ""currency"": ""usd"", ""quantity"": ""second"", ""unit_family"": ""usd_per_second"", ""usd_amount"": 0.084, ""conversion_applied"": false, ""currency_assumed"": true, ""resolution_variant"": ""720p"", ""audio_variant"": null, ""operation"": ""text_to_video"", ""is_minimum"": false, ""is_negative"": false, ""is_parseable"": true}, {""sku"": ""image_to_video_duration_seconds_720p"", ""raw_value"": ""0.084"", ""amount"": 0.084, ""currency"": ""usd"", ""quantity"": ""image"", ""unit_family"": ""usd_per_image"", ""usd_amount"": 0.084, ""conversion_applied"": false, ""currency_assumed"": true, ""resolution_variant"": ""720p"", ""audio_variant"": null, ""operation"": ""image_to_video"", ""is_minimum"": false, ""is_negative"": false, ""is_parseable"": true}, {""sku"": ""text_to_video_duration_seconds_1080p"", ""raw_value"": ""0.084"", ""amount"": 0.084, ""currency"": ""usd"", ""quantity"": ""second"", ""unit_family"": ""usd_per_second"", ""usd_amount"": 0.084, ""conversion_applied"": false, ""currency_assumed"": true, ""resolution_variant"": ""1080p"", ""audio_variant"": null, ""operation"": ""text_to_video"", ""is_minimum"": false, ""is_negative"": false, ""is_parseable"": true}, {""sku"": ""image_to_video_duration_seconds_1080p"", ""raw_value"": ""0.084"", ""amount"": 0.084, ""currency"": ""usd"", ""quantity"": ""image"", ""unit_family"": ""usd_per_image"", ""usd_amount"": 0.084, ""conversion_applied"": false, ""currency_assumed"": true, ""resolution_variant"": ""1080p"", ""audio_variant"": null, ""operation"": ""image_to_video"", ""is_minimum"": false, ""is_negative"": false, ""is_parseable"": true}], ""raw_pricing_skus"": {""duration_seconds"": ""0.084"", ""duration_seconds_with_audio"": ""0.126"", ""text_to_video_duration_seconds_480p"": ""0.084"", ""text_to_video_duration_seconds_720p"": ""0.084"", ""image_to_video_duration_seconds_720p"": ""0.084"", ""text_to_video_duration_seconds_1080p"": ""0.084"", ""image_to_video_duration_seconds_1080p"": ""0.084""}, ""sku_count"": 7, ""resolved_sku_count"": 7, ""unresolved_sku_keys"": [], ""has_any_price"": true, ""comparable_price"": {""unit"": ""usd_per_second"", ""usd"": 0.084, ""basis"": ""plain_rate"", ""basis_sku"": ""duration_seconds""}, ""usd_per_second_by_resolution"": {""default"": 0.084}, ""usd_per_image_by_resolution"": {}, ""unit_families"": [""usd_per_image"", ""usd_per_second""], ""unit_conversions_applied"": [], ""currency_assumptions"": [""duration_seconds"", ""duration_seconds_with_audio"", ""image_to_video_duration_seconds_1080p"", ""image_to_video_duration_seconds_720p"", ""text_to_video_duration_seconds_1080p"", ""text_to_video_duration_seconds_480p"", ""text_to_video_duration_seconds_720p""]}",,openrouter:/api/v1/videos/models,2026-09-17T03:40:50.991972+00:00
google/veo-3.1-fast,google/veo-3.1-fast-20260320,Google: Veo 3.1 Fast,google,video,"Google's mid-tier video generation model balancing speed and quality. Veo 3.1 Fast generates high-quality video from text or image prompts with native synchronized audio, offering faster turnaround than Veo 3.1...",1776994666,,"{""modality"": null, ""input_modalities"": null, ""output_modalities"": [""video""], ""synthesized"": true}",,"[""video""]",,,,"[""720p"", ""1080p"", ""4K""]","[""16:9"", ""9:16""]","[""1280x720"", ""1080x1920"", ""1920x1080"", ""720x1280"", ""3840x2160"", ""2160x3840""]","[4, 6, 8]","[""first_frame"", ""last_frame""]",True,True,,,"[""personGeneration"", ""aspectRatio"", ""negativePrompt"", ""conditioningScale"", ""enhancePrompt""]",True,True,usd_per_second,0.1,audio_qualified_rate,"{""skus"": [{""sku"": ""duration_seconds_with_audio"", ""raw_value"": ""0.12"", ""amount"": 0.12, ""currency"": ""usd"", ""quantity"": ""second"", ""unit_family"": ""usd_per_second"", ""usd_amount"": 0.12, ""conversion_applied"": false, ""currency_assumed"": true, ""resolution_variant"": null, ""audio_variant"": ""with_audio"", ""operation"": null, ""is_minimum"": false, ""is_negative"": false, ""is_parseable"": true}, {""sku"": ""duration_seconds_with_audio_4k"", ""raw_value"": ""0.30"", ""amount"": 0.3, ""currency"": ""usd"", ""quantity"": ""second"", ""unit_family"": ""usd_per_second"", ""usd_amount"": 0.3, ""conversion_applied"": false, ""currency_assumed"": true, ""resolution_variant"": ""4k"", ""audio_variant"": ""with_audio"", ""operation"": null, ""is_minimum"": false, ""is_negative"": false, ""is_parseable"": true}, {""sku"": ""duration_seconds_without_audio"", ""raw_value"": ""0.10"", ""amount"": 0.1, ""currency"": ""usd"", ""quantity"": ""second"", ""unit_family"": ""usd_per_second"", ""usd_amount"": 0.1, ""conversion_applied"": false, ""currency_assumed"": true, ""resolution_variant"": null, ""audio_variant"": ""without_audio"", ""operation"": null, ""is_minimum"": false, ""is_negative"": false, ""is_parseable"": true}, {""sku"": ""duration_seconds_with_audio_720p"", ""raw_value"": ""0.10"", ""amount"": 0.1, ""currency"": ""usd"", ""quantity"": ""second"", ""unit_family"": ""usd_per_second"", ""usd_amount"": 0.1, ""conversion_applied"": false, ""currency_assumed"": true, ""resolution_variant"": ""720p"", ""audio_variant"": ""with_audio"", ""operation"": null, ""is_minimum"": false, ""is_negative"": false, ""is_parseable"": true}, {""sku"": ""duration_seconds_without_audio_4k"", ""raw_value"": ""0.25"", ""amount"": 0.25, ""currency"": ""usd"", ""quantity"": ""second"", ""unit_family"": ""usd_per_second"", ""usd_amount"": 0.25, ""conversion_applied"": false, ""currency_assumed"": true, ""resolution_variant"": ""4k"", ""audio_variant"": ""without_audio"", ""operation"": null, ""is_minimum"": false, ""is_negative"": false, ""is_parseable"": true}, {""sku"": ""duration_seconds_without_audio_720p"", ""raw_value"": ""0.08"", ""amount"": 0.08, ""currency"": ""usd"", ""quantity"": ""second"", ""unit_family"": ""usd_per_second"", ""usd_amount"": 0.08, ""conversion_applied"": false, ""currency_assumed"": true, ""resolution_variant"": ""720p"", ""audio_variant"": ""without_audio"", ""operation"": null, ""is_minimum"": false, ""is_negative"": false, ""is_parseable"": true}], ""raw_pricing_skus"": {""duration_seconds_with_audio"": ""0.12"", ""duration_seconds_with_audio_4k"": ""0.30"", ""duration_seconds_without_audio"": ""0.10"", ""duration_seconds_with_audio_720p"": ""0.10"", ""duration_seconds_without_audio_4k"": ""0.25"", ""duration_seconds_without_audio_720p"": ""0.08""}, ""sku_count"": 6, ""resolved_sku_count"": 6, ""unresolved_sku_keys"": [], ""has_any_price"": true, ""comparable_price"": {""unit"": ""usd_per_second"", ""usd"": 0.1, ""basis"": ""audio_qualified_rate"", ""basis_sku"": ""duration_seconds_without_audio""}, ""usd_per_second_by_resolution"": {}, ""usd_per_image_by_resolution"": {}, ""unit_families"": [""usd_per_second""], ""unit_conversions_applied"": [], ""currency_assumptions"": [""duration_seconds_with_audio"", ""duration_seconds_with_audio_4k"", ""duration_seconds_with_audio_720p"", ""duration_seconds_without_audio"", ""duration_seconds_without_audio_4k"", ""duration_seconds_without_audio_720p""]}",,openrouter:/api/v1/videos/models,2026-09-17T03:40:50.991972+00:00
google/veo-3.1-lite,google/veo-3.1-lite-20260331,Google: Veo 3.1 Lite,google,video,"Google's most cost-effective video generation model, designed for high-volume applications and rapid iteration. Veo 3.1 Lite generates 720p and 1080p video from text or image prompts with native synchronized audio...",1776978818,,"{""modality"": null, ""input_modalities"": null, ""output_modalities"": [""video""], ""synthesized"": true}",,"[""video""]",,,,"[""720p"", ""1080p""]","[""16:9"", ""9:16""]","[""1280x720"", ""720x1280"", ""1920x1080"", ""1080x1920""]","[8, 4, 6]","[""first_frame"", ""last_frame""]",True,True,,,"[""personGeneration"", ""aspectRatio"", ""negativePrompt"", ""conditioningScale"", ""enhancePrompt""]",True,True,usd_per_second,0.05,audio_qualified_rate,"{""skus"": [{""sku"": ""duration_seconds_with_audio"", ""raw_value"": ""0.08"", ""amount"": 0.08, ""currency"": ""usd"", ""quantity"": ""second"", ""unit_family"": ""usd_per_second"", ""usd_amount"": 0.08, ""conversion_applied"": false, ""currency_assumed"": true, ""resolution_variant"": null, ""audio_variant"": ""with_audio"", ""operation"": null, ""is_minimum"": false, ""is_negative"": false, ""is_parseable"": true}, {""sku"": ""duration_seconds_without_audio"", ""raw_value"": ""0.05"", ""amount"": 0.05, ""currency"": ""usd"", ""quantity"": ""second"", ""unit_family"": ""usd_per_second"", ""usd_amount"": 0.05, ""conversion_applied"": false, ""currency_assumed"": true, ""resolution_variant"": null, ""audio_variant"": ""without_audio"", ""operation"": null, ""is_minimum"": false, ""is_negative"": false, ""is_parseable"": true}, {""sku"": ""duration_seconds_with_audio_720p"", ""raw_value"": ""0.05"", ""amount"": 0.05, ""currency"": ""usd"", ""quantity"": ""second"", ""unit_family"": ""usd_per_second"", ""usd_amount"": 0.05, ""conversion_applied"": false, ""currency_assumed"": true, ""resolution_variant"": ""720p"", ""audio_variant"": ""with_audio"", ""operation"": null, ""is_minimum"": false, ""is_negative"": false, ""is_parseable"": true}, {""sku"": ""duration_seconds_without_audio_720p"", ""raw_value"": ""0.03"", ""amount"": 0.03, ""currency"": ""usd"", ""quantity"": ""second"", ""unit_family"": ""usd_per_second"", ""usd_amount"": 0.03, ""conversion_applied"": false, ""currency_assumed"": true, ""resolution_variant"": ""720p"", ""audio_variant"": ""without_audio"", ""operation"": null, ""is_minimum"": false, ""is_negative"": false, ""is_parseable"": true}], ""raw_pricing_skus"": {""duration_seconds_with_audio"": ""0.08"", ""duration_seconds_without_audio"": ""0.05"", ""duration_seconds_with_audio_720p"": ""0.05"", ""duration_seconds_without_audio_720p"": ""0.03""}, ""sku_count"": 4, ""resolved_sku_count"": 4, ""unresolved_sku_keys"": [], ""has_any_price"": true, ""comparable_price"": {""unit"": ""usd_per_second"", ""usd"": 0.05, ""basis"": ""audio_qualified_rate"", ""basis_sku"": ""duration_seconds_without_audio""}, ""usd_per_second_by_resolution"": {}, ""usd_per_image_by_resolution"": {}, ""unit_families"": [""usd_per_second""], ""unit_conversions_applied"": [], ""currency_assumptions"": [""duration_seconds_with_audio"", ""duration_seconds_with_audio_720p"", ""duration_seconds_without_audio"", ""duration_seconds_without_audio_720p""]}",,openrouter:/api/v1/videos/models,2026-09-17T03:40:50.991972+00:00
kwaivgi/kling-video-o1,kwaivgi/kling-video-o1-20260420,Kling: Video O1,kwaivgi,video,"Kling Video O1 is a video generation model from Kuaishou. It supports text and image inputs with video output, enabling text-to-video and image-to-video workflows. It is suited for cinematic content...",1776704777,,"{""modality"": null, ""input_modalities"": null, ""output_modalities"": [""video""], ""synthesized"": true}",,"[""video""]",,,,"[""720p""]","[""16:9"", ""9:16"", ""1:1""]","[""1280x720"", ""720x1280"", ""720x720""]","[5, 10]","[""first_frame"", ""last_frame""]",True,False,,,"[""negative_prompt""]",True,True,usd_per_second,0.112,plain_rate,"{""skus"": [{""sku"": ""duration_seconds"", ""raw_value"": ""0.1120"", ""amount"": 0.112, ""currency"": ""usd"", ""quantity"": ""second"", ""unit_family"": ""usd_per_second"", ""usd_amount"": 0.112, ""conversion_applied"": false, ""currency_assumed"": true, ""resolution_variant"": null, ""audio_variant"": null, ""operation"": null, ""is_minimum"": false, ""is_negative"": false, ""is_parseable"": true}], ""raw_pricing_skus"": {""duration_seconds"": ""0.1120""}, ""sku_count"": 1, ""resolved_sku_count"": 1, ""unresolved_sku_keys"": [], ""has_any_price"": true, ""comparable_price"": {""unit"": ""usd_per_second"", ""usd"": 0.112, ""basis"": ""plain_rate"", ""basis_sku"": ""duration_seconds""}, ""usd_per_second_by_resolution"": {""default"": 0.112}, ""usd_per_image_by_resolution"": {}, ""unit_families"": [""usd_per_second""], ""unit_conversions_applied"": [], ""currency_assumptions"": [""duration_seconds""]}",,openrouter:/api/v1/videos/models,2026-09-17T03:40:50.991972+00:00
minimax/hailuo-2.3,minimax/hailuo-2.3-20260420,MiniMax: Hailuo 2.3,minimax,video,"Hailuo 2.3 is a video generation model from MiniMax. It accepts text prompts and reference images as input and generates video output, supporting both text-to-video and image-to-video workflows. It is...",1776702740,,"{""modality"": null, ""input_modalities"": null, ""output_modalities"": [""video""], ""synthesized"": true}",,"[""video""]",,,,"[""1080p""]","[""16:9""]","[""1920x1080""]","[6, 10]","[""first_frame""]",False,,,,"[""prompt_optimizer"", ""fast_pretreatment""]",True,True,usd_per_second,0.0817,plain_rate,"{""skus"": [{""sku"": ""duration_seconds"", ""raw_value"": ""0.0817"", ""amount"": 0.0817, ""currency"": ""usd"", ""quantity"": ""second"", ""unit_family"": ""usd_per_second"", ""usd_amount"": 0.0817, ""conversion_applied"": false, ""currency_assumed"": true, ""resolution_variant"": null, ""audio_variant"": null, ""operation"": null, ""is_minimum"": false, ""is_negative"": false, ""is_parseable"": true}], ""raw_pricing_skus"": {""duration_seconds"": ""0.0817""}, ""sku_count"": 1, ""resolved_sku_count"": 1, ""unresolved_sku_keys"": [], ""has_any_price"": true, ""comparable_price"": {""unit"": ""usd_per_second"", ""usd"": 0.0817, ""basis"": ""plain_rate"", ""basis_sku"": ""duration_seconds""}, ""usd_per_second_by_resolution"": {""default"": 0.0817}, ""usd_per_image_by_resolution"": {}, ""unit_families"": [""usd_per_second""], ""unit_conversions_applied"": [], ""currency_assumptions"": [""duration_seconds""]}",,openrouter:/api/v1/videos/models,2026-09-17T03:40:50.991972+00:00
bytedance/seedance-2.0-fast,bytedance/seedance-2.0-fast-20260414,ByteDance: Seedance 2.0 Fast,bytedance,video,"Seedance 2.0 Fast is a video generation model from ByteDance. It supports text-to-video, image-to-video with first and last frame control, and multimodal reference-to-video. It prioritizes generation speed and lower cost...",1776211362,,"{""modality"": null, ""input_modalities"": null, ""output_modalities"": [""video""], ""synthesized"": true}",,"[""video""]",,,,"[""480p"", ""720p""]","[""1:1"", ""3:4"", ""9:16"", ""4:3"", ""16:9"", ""21:9"", ""9:21""]","[""480x480"", ""480x640"", ""480x854"", ""640x480"", ""854x480"", ""1120x480"", ""720x720"", ""720x960"", ""720x1280"", ""720x1680"", ""960x720"", ""1280x720"", ""1680x720""]","[4, 5, 6, 7, 8, 9, 10, 11, 12, 13, 14, 15]","[""first_frame"", ""last_frame""]",True,True,,,"[""watermark"", ""req_key""]",True,False,,,,"{""skus"": [{""sku"": ""video_tokens"", ""raw_value"": ""0.0000042"", ""amount"": 4.2e-06, ""currency"": ""usd"", ""quantity"": ""video_token"", ""unit_family"": ""usd_per_video_token"", ""usd_amount"": 4.2e-06, ""conversion_applied"": false, ""currency_assumed"": true, ""resolution_variant"": null, ""audio_variant"": null, ""operation"": null, ""is_minimum"": false, ""is_negative"": false, ""is_parseable"": true}, {""sku"": ""video_tokens_without_audio"", ""raw_value"": ""0.0000042"", ""amount"": 4.2e-06, ""currency"": ""usd"", ""quantity"": ""video_token"", ""unit_family"": ""usd_per_video_token"", ""usd_amount"": 4.2e-06, ""conversion_applied"": false, ""currency_assumed"": true, ""resolution_variant"": null, ""audio_variant"": ""without_audio"", ""operation"": null, ""is_minimum"": false, ""is_negative"": false, ""is_parseable"": true}, {""sku"": ""video_tokens_with_video_input"", ""raw_value"": ""0.000002475"", ""amount"": 2.475e-06, ""currency"": ""usd"", ""quantity"": ""video_token"", ""unit_family"": ""usd_per_video_token"", ""usd_amount"": 2.475e-06, ""conversion_applied"": false, ""currency_assumed"": true, ""resolution_variant"": null, ""audio_variant"": null, ""operation"": null, ""is_minimum"": false, ""is_negative"": false, ""is_parseable"": true}], ""raw_pricing_skus"": {""video_tokens"": ""0.0000042"", ""video_tokens_without_audio"": ""0.0000042"", ""video_tokens_with_video_input"": ""0.000002475""}, ""sku_count"": 3, ""resolved_sku_count"": 3, ""unresolved_sku_keys"": [], ""has_any_price"": true, ""comparable_price"": {""unit"": null, ""usd"": null, ""basis"": null, ""basis_sku"": null}, ""usd_per_second_by_resolution"": {}, ""usd_per_image_by_resolution"": {}, ""unit_families"": [""usd_per_video_token""], ""unit_conversions_applied"": [], ""currency_assumptions"": [""video_tokens"", ""video_tokens_with_video_input"", ""video_tokens_without_audio""]}",,openrouter:/api/v1/videos/models,2026-09-17T03:40:50.991972+00:00
alibaba/wan-2.7,alibaba/wan-2.7-20260414,Alibaba: Wan 2.7,alibaba,video,"Wan 2.7 is a video generation model from Alibaba. It supports text-to-video, image-to-video with first and last frame control, and reference-to-video, where multiple reference images guide the style and content...",1776211362,,"{""modality"": null, ""input_modalities"": null, ""output_modalities"": [""video""], ""synthesized"": true}",,"[""video""]",,,,"[""720p"", ""1080p""]","[""16:9"", ""9:16"", ""1:1"", ""4:3"", ""3:4""]","[""1280x720"", ""720x1280"", ""1920x1080"", ""1080x1920"", ""720x720"", ""1080x1080"", ""960x720"", ""720x960"", ""1440x1080"", ""1080x1440""]","[2, 3, 4, 5, 6, 7, 8, 9, 10]","[""first_frame"", ""last_frame""]",True,True,,,"[""negative_prompt"", ""prompt_extend"", ""audio"", ""ratio"", ""last_image"", ""video"", ""videos"", ""images""]",True,True,usd_per_second,0.1,plain_rate,"{""skus"": [{""sku"": ""duration_seconds"", ""raw_value"": ""0.1"", ""amount"": 0.1, ""currency"": ""usd"", ""quantity"": ""second"", ""unit_family"": ""usd_per_second"", ""usd_amount"": 0.1, ""conversion_applied"": false, ""currency_assumed"": true, ""resolution_variant"": null, ""audio_variant"": null, ""operation"": null, ""is_minimum"": false, ""is_negative"": false, ""is_parseable"": true}], ""raw_pricing_skus"": {""duration_seconds"": ""0.1""}, ""sku_count"": 1, ""resolved_sku_count"": 1, ""unresolved_sku_keys"": [], ""has_any_price"": true, ""comparable_price"": {""unit"": ""usd_per_second"", ""usd"": 0.1, ""basis"": ""plain_rate"", ""basis_sku"": ""duration_seconds""}, ""usd_per_second_by_resolution"": {""default"": 0.1}, ""usd_per_image_by_resolution"": {}, ""unit_families"": [""usd_per_second""], ""unit_conversions_applied"": [], ""currency_assumptions"": [""duration_seconds""]}",,openrouter:/api/v1/videos/models,2026-09-17T03:40:50.991972+00:00
bytedance/seedance-2.0,bytedance/seedance-2.0-20260414,ByteDance: Seedance 2.0,bytedance,video,"Seedance 2.0 is a video generation model from ByteDance. It supports text-to-video, image-to-video with first and last frame control, and multimodal reference-to-video. It is particularly strong at preserving character consistency,...",1776211362,,"{""modality"": null, ""input_modalities"": null, ""output_modalities"": [""video""], ""synthesized"": true}",,"[""video""]",,,,"[""480p"", ""720p"", ""1080p"", ""4K""]","[""1:1"", ""3:4"", ""9:16"", ""4:3"", ""16:9"", ""21:9"", ""9:21""]","[""480x480"", ""480x640"", ""480x854"", ""640x480"", ""854x480"", ""1120x480"", ""720x720"", ""720x960"", ""720x1280"", ""720x1680"", ""960x720"", ""1280x720"", ""1680x720"", ""1080x1080"", ""1080x1440"", ""1080x1920"", ""1440x1080"", ""1920x1080"", ""2520x1080"", ""3840x2160"", ""2160x3840"", ""2160x2160"", ""2880x2160"", ""2160x2880"", ""5040x2160""]","[4, 5, 6, 7, 8, 9, 10, 11, 12, 13, 14, 15]","[""first_frame"", ""last_frame""]",True,True,,,"[""watermark"", ""req_key""]",True,False,,,,"{""skus"": [{""sku"": ""video_tokens"", ""raw_value"": ""0.000007"", ""amount"": 7e-06, ""currency"": ""usd"", ""quantity"": ""video_token"", ""unit_family"": ""usd_per_video_token"", ""usd_amount"": 7e-06, ""conversion_applied"": false, ""currency_assumed"": true, ""resolution_variant"": null, ""audio_variant"": null, ""operation"": null, ""is_minimum"": false, ""is_negative"": false, ""is_parseable"": true}, {""sku"": ""video_tokens_4k"", ""raw_value"": ""0.000004"", ""amount"": 4e-06, ""currency"": ""usd"", ""quantity"": ""video_token"", ""unit_family"": ""usd_per_video_token"", ""usd_amount"": 4e-06, ""conversion_applied"": false, ""currency_assumed"": true, ""resolution_variant"": ""4k"", ""audio_variant"": null, ""operation"": null, ""is_minimum"": false, ""is_negative"": false, ""is_parseable"": true}, {""sku"": ""video_tokens_1080p"", ""raw_value"": ""0.0000077"", ""amount"": 7.7e-06, ""currency"": ""usd"", ""quantity"": ""video_token"", ""unit_family"": ""usd_per_video_token"", ""usd_amount"": 7.7e-06, ""conversion_applied"": false, ""currency_assumed"": true, ""resolution_variant"": ""1080p"", ""audio_variant"": null, ""operation"": null, ""is_minimum"": false, ""is_negative"": false, ""is_parseable"": true}, {""sku"": ""video_tokens_without_audio"", ""raw_value"": ""0.000007"", ""amount"": 7e-06, ""currency"": ""usd"", ""quantity"": ""video_token"", ""unit_family"": ""usd_per_video_token"", ""usd_amount"": 7e-06, ""conversion_applied"": false, ""currency_assumed"": true, ""resolution_variant"": null, ""audio_variant"": ""without_audio"", ""operation"": null, ""is_minimum"": false, ""is_negative"": false, ""is_parseable"": true}, {""sku"": ""video_tokens_with_video_input"", ""raw_value"": ""0.0000043"", ""amount"": 4.3e-06, ""currency"": ""usd"", ""quantity"": ""video_token"", ""unit_family"": ""usd_per_video_token"", ""usd_amount"": 4.3e-06, ""conversion_applied"": false, ""currency_assumed"": true, ""resolution_variant"": null, ""audio_variant"": null, ""operation"": null, ""is_minimum"": false, ""is_negative"": false, ""is_parseable"": true}, {""sku"": ""video_tokens_4k_with_video_input"", ""raw_value"": ""0.0000024"", ""amount"": 2.4e-06, ""currency"": ""usd"", ""quantity"": ""video_token"", ""unit_family"": ""usd_per_video_token"", ""usd_amount"": 2.4e-06, ""conversion_applied"": false, ""currency_assumed"": true, ""resolution_variant"": ""4k"", ""audio_variant"": null, ""operation"": null, ""is_minimum"": false, ""is_negative"": false, ""is_parseable"": true}, {""sku"": ""video_tokens_1080p_with_video_input"", ""raw_value"": ""0.0000047"", ""amount"": 4.7e-06, ""currency"": ""usd"", ""quantity"": ""video_token"", ""unit_family"": ""usd_per_video_token"", ""usd_amount"": 4.7e-06, ""conversion_applied"": false, ""currency_assumed"": true, ""resolution_variant"": ""1080p"", ""audio_variant"": null, ""operation"": null, ""is_minimum"": false, ""is_negative"": false, ""is_parseable"": true}], ""raw_pricing_skus"": {""video_tokens"": ""0.000007"", ""video_tokens_4k"": ""0.000004"", ""video_tokens_1080p"": ""0.0000077"", ""video_tokens_without_audio"": ""0.000007"", ""video_tokens_with_video_input"": ""0.0000043"", ""video_tokens_4k_with_video_input"": ""0.0000024"", ""video_tokens_1080p_with_video_input"": ""0.0000047""}, ""sku_count"": 7, ""resolved_sku_count"": 7, ""unresolved_sku_keys"": [], ""has_any_price"": true, ""comparable_price"": {""unit"": null, ""usd"": null, ""basis"": null, ""basis_sku"": null}, ""usd_per_second_by_resolution"": {}, ""usd_per_image_by_resolution"": {}, ""unit_families"": [""usd_per_video_token""], ""unit_conversions_applied"": [], ""currency_assumptions"": [""video_tokens"", ""video_tokens_1080p"", ""video_tokens_1080p_with_video_input"", ""video_tokens_4k"", ""video_tokens_4k_with_video_input"", ""video_tokens_with_video_input"", ""video_tokens_without_audio""]}",,openrouter:/api/v1/videos/models,2026-09-17T03:40:50.991972+00:00
alibaba/wan-2.6,alibaba/wan-2.6-20260327,Alibaba: Wan 2.6,alibaba,video,"Alibaba's most advanced video generation model, supporting over 10 visual creation capabilities in a unified system. Wan 2.6 generates 1080p video at 24fps from text, images, reference videos, or audio,...",1774659190,,"{""modality"": null, ""input_modalities"": null, ""output_modalities"": [""video""], ""synthesized"": true}",,"[""video""]",,,,"[""720p"", ""1080p""]","[""16:9"", ""9:16""]","[""1280x720"", ""1080x1920"", ""720x1280"", ""1920x1080""]","[5, 10]","[""first_frame""]",True,True,,,"[""negative_prompt"", ""enable_prompt_expansion"", ""shot_type"", ""audio"", ""size""]",True,True,usd_per_second,0.08,720p_tier_with_operation,"{""skus"": [{""sku"": ""text_to_video_duration_seconds_480p"", ""raw_value"": ""0.04"", ""amount"": 0.04, ""currency"": ""usd"", ""quantity"": ""second"", ""unit_family"": ""usd_per_second"", ""usd_amount"": 0.04, ""conversion_applied"": false, ""currency_assumed"": true, ""resolution_variant"": ""480p"", ""audio_variant"": null, ""operation"": ""text_to_video"", ""is_minimum"": false, ""is_negative"": false, ""is_parseable"": true}, {""sku"": ""text_to_video_duration_seconds_720p"", ""raw_value"": ""0.08"", ""amount"": 0.08, ""currency"": ""usd"", ""quantity"": ""second"", ""unit_family"": ""usd_per_second"", ""usd_amount"": 0.08, ""conversion_applied"": false, ""currency_assumed"": true, ""resolution_variant"": ""720p"", ""audio_variant"": null, ""operation"": ""text_to_video"", ""is_minimum"": false, ""is_negative"": false, ""is_parseable"": true}, {""sku"": ""image_to_video_duration_seconds_720p"", ""raw_value"": ""0.10"", ""amount"": 0.1, ""currency"": ""usd"", ""quantity"": ""image"", ""unit_family"": ""usd_per_image"", ""usd_amount"": 0.1, ""conversion_applied"": false, ""currency_assumed"": true, ""resolution_variant"": ""720p"", ""audio_variant"": null, ""operation"": ""image_to_video"", ""is_minimum"": false, ""is_negative"": false, ""is_parseable"": true}, {""sku"": ""text_to_video_duration_seconds_1080p"", ""raw_value"": ""0.12"", ""amount"": 0.12, ""currency"": ""usd"", ""quantity"": ""second"", ""unit_family"": ""usd_per_second"", ""usd_amount"": 0.12, ""conversion_applied"": false, ""currency_assumed"": true, ""resolution_variant"": ""1080p"", ""audio_variant"": null, ""operation"": ""text_to_video"", ""is_minimum"": false, ""is_negative"": false, ""is_parseable"": true}, {""sku"": ""image_to_video_duration_seconds_1080p"", ""raw_value"": ""0.15"", ""amount"": 0.15, ""currency"": ""usd"", ""quantity"": ""image"", ""unit_family"": ""usd_per_image"", ""usd_amount"": 0.15, ""conversion_applied"": false, ""currency_assumed"": true, ""resolution_variant"": ""1080p"", ""audio_variant"": null, ""operation"": ""image_to_video"", ""is_minimum"": false, ""is_negative"": false, ""is_parseable"": true}], ""raw_pricing_skus"": {""text_to_video_duration_seconds_480p"": ""0.04"", ""text_to_video_duration_seconds_720p"": ""0.08"", ""image_to_video_duration_seconds_720p"": ""0.10"", ""text_to_video_duration_seconds_1080p"": ""0.12"", ""image_to_video_duration_seconds_1080p"": ""0.15""}, ""sku_count"": 5, ""resolved_sku_count"": 5, ""unresolved_sku_keys"": [], ""has_any_price"": true, ""comparable_price"": {""unit"": ""usd_per_second"", ""usd"": 0.08, ""basis"": ""720p_tier_with_operation"", ""basis_sku"": ""text_to_video_duration_seconds_720p""}, ""usd_per_second_by_resolution"": {}, ""usd_per_image_by_resolution"": {}, ""unit_families"": [""usd_per_image"", ""usd_per_second""], ""unit_conversions_applied"": [], ""currency_assumptions"": [""image_to_video_duration_seconds_1080p"", ""image_to_video_duration_seconds_720p"", ""text_to_video_duration_seconds_1080p"", ""text_to_video_duration_seconds_480p"", ""text_to_video_duration_seconds_720p""]}",,openrouter:/api/v1/videos/models,2026-09-17T03:40:50.991972+00:00
bytedance/seedance-1-5-pro,bytedance/seedance-1-5-pro-20260320,ByteDance: Seedance 1.5 Pro,bytedance,video,ByteDance's next-generation audio-visual generation model with a 4.5B parameter Dual-Branch Diffusion Transformer architecture. Seedance 1.5 Pro generates video and audio simultaneously in a single unified pass — eliminating the timing...,1774277608,,"{""modality"": null, ""input_modalities"": null, ""output_modalities"": [""video""], ""synthesized"": true}",,"[""video""]",,,,"[""480p"", ""720p"", ""1080p""]","[""1:1"", ""3:4"", ""9:16"", ""9:21"", ""4:3"", ""16:9"", ""21:9""]","[""480x480"", ""480x640"", ""480x854"", ""480x1120"", ""640x480"", ""720x720"", ""720x960"", ""720x1280"", ""720x1680"", ""854x480"", ""960x720"", ""1080x1080"", ""1080x1440"", ""1080x1920"", ""1080x2520"", ""1120x480"", ""1280x720"", ""1440x1080"", ""1680x720"", ""1920x1080"", ""2520x1080""]","[4, 5, 6, 7, 8, 9, 10, 11, 12]","[""first_frame"", ""last_frame""]",True,True,,,"[""watermark"", ""req_key""]",True,False,,,,"{""skus"": [{""sku"": ""video_tokens"", ""raw_value"": ""0.0000024"", ""amount"": 2.4e-06, ""currency"": ""usd"", ""quantity"": ""video_token"", ""unit_family"": ""usd_per_video_token"", ""usd_amount"": 2.4e-06, ""conversion_applied"": false, ""currency_assumed"": true, ""resolution_variant"": null, ""audio_variant"": null, ""operation"": null, ""is_minimum"": false, ""is_negative"": false, ""is_parseable"": true}, {""sku"": ""video_tokens_without_audio"", ""raw_value"": ""0.0000012"", ""amount"": 1.2e-06, ""currency"": ""usd"", ""quantity"": ""video_token"", ""unit_family"": ""usd_per_video_token"", ""usd_amount"": 1.2e-06, ""conversion_applied"": false, ""currency_assumed"": true, ""resolution_variant"": null, ""audio_variant"": ""without_audio"", ""operation"": null, ""is_minimum"": false, ""is_negative"": false, ""is_parseable"": true}], ""raw_pricing_skus"": {""video_tokens"": ""0.0000024"", ""video_tokens_without_audio"": ""0.0000012""}, ""sku_count"": 2, ""resolved_sku_count"": 2, ""unresolved_sku_keys"": [], ""has_any_price"": true, ""comparable_price"": {""unit"": null, ""usd"": null, ""basis"": null, ""basis_sku"": null}, ""usd_per_second_by_resolution"": {}, ""usd_per_image_by_resolution"": {}, ""unit_families"": [""usd_per_video_token""], ""unit_conversions_applied"": [], ""currency_assumptions"": [""video_tokens"", ""video_tokens_without_audio""]}",,openrouter:/api/v1/videos/models,2026-09-17T03:40:50.991972+00:00
openai/sora-2-pro,openai/sora-2-pro-20260320,OpenAI: Sora 2 Pro,openai,video,"OpenAI's flagship video generation model, delivering production-quality video with physics-accurate motion, synchronized audio, and world-state persistence across shots. Sora 2 Pro follows intricate multi-shot instructions while maintaining consistent spatial relationships...",1774277521,,"{""modality"": null, ""input_modalities"": null, ""output_modalities"": [""video""], ""synthesized"": true}",,"[""video""]",,,,"[""720p"", ""1080p""]","[""16:9"", ""9:16""]","[""1280x720"", ""1080x1920"", ""1920x1080"", ""720x1280""]","[4, 8, 12, 16, 20]",,True,False,,,"[""quality"", ""style""]",True,True,usd_per_second,0.3,720p_tier,"{""skus"": [{""sku"": ""duration_seconds_720p"", ""raw_value"": ""0.30"", ""amount"": 0.3, ""currency"": ""usd"", ""quantity"": ""second"", ""unit_family"": ""usd_per_second"", ""usd_amount"": 0.3, ""conversion_applied"": false, ""currency_assumed"": true, ""resolution_variant"": ""720p"", ""audio_variant"": null, ""operation"": null, ""is_minimum"": false, ""is_negative"": false, ""is_parseable"": true}, {""sku"": ""duration_seconds_1024p"", ""raw_value"": ""0.50"", ""amount"": 0.5, ""currency"": ""usd"", ""quantity"": ""second"", ""unit_family"": ""usd_per_second"", ""usd_amount"": 0.5, ""conversion_applied"": false, ""currency_assumed"": true, ""resolution_variant"": ""1024p"", ""audio_variant"": null, ""operation"": null, ""is_minimum"": false, ""is_negative"": false, ""is_parseable"": true}, {""sku"": ""duration_seconds_1080p"", ""raw_value"": ""0.50"", ""amount"": 0.5, ""currency"": ""usd"", ""quantity"": ""second"", ""unit_family"": ""usd_per_second"", ""usd_amount"": 0.5, ""conversion_applied"": false, ""currency_assumed"": true, ""resolution_variant"": ""1080p"", ""audio_variant"": null, ""operation"": null, ""is_minimum"": false, ""is_negative"": false, ""is_parseable"": true}], ""raw_pricing_skus"": {""duration_seconds_720p"": ""0.30"", ""duration_seconds_1024p"": ""0.50"", ""duration_seconds_1080p"": ""0.50""}, ""sku_count"": 3, ""resolved_sku_count"": 3, ""unresolved_sku_keys"": [], ""has_any_price"": true, ""comparable_price"": {""unit"": ""usd_per_second"", ""usd"": 0.3, ""basis"": ""720p_tier"", ""basis_sku"": ""duration_seconds_720p""}, ""usd_per_second_by_resolution"": {""720p"": 0.3, ""1024p"": 0.5, ""1080p"": 0.5}, ""usd_per_image_by_resolution"": {}, ""unit_families"": [""usd_per_second""], ""unit_conversions_applied"": [], ""currency_assumptions"": [""duration_seconds_1024p"", ""duration_seconds_1080p"", ""duration_seconds_720p""]}",,openrouter:/api/v1/videos/models,2026-09-17T03:40:50.991972+00:00
google/veo-3.1,google/veo-3.1-20260320,Google: Veo 3.1,google,video,"Google's state-of-the-art video generation model, built for maximum visual fidelity in final production cuts. Veo 3.1 generates high-quality 1080p video from text or image prompts with native synchronized audio —...",1774277148,,"{""modality"": null, ""input_modalities"": null, ""output_modalities"": [""video""], ""synthesized"": true}",,"[""video""]",,,,"[""720p"", ""1080p"", ""4K""]","[""16:9"", ""9:16""]","[""1280x720"", ""1080x1920"", ""1920x1080"", ""720x1280"", ""3840x2160"", ""2160x3840""]","[4, 6, 8]","[""first_frame"", ""last_frame""]",True,True,,,"[""personGeneration"", ""aspectRatio"", ""negativePrompt"", ""conditioningScale"", ""enhancePrompt""]",True,True,usd_per_second,0.2,audio_qualified_rate,"{""skus"": [{""sku"": ""duration_seconds_with_audio"", ""raw_value"": ""0.40"", ""amount"": 0.4, ""currency"": ""usd"", ""quantity"": ""second"", ""unit_family"": ""usd_per_second"", ""usd_amount"": 0.4, ""conversion_applied"": false, ""currency_assumed"": true, ""resolution_variant"": null, ""audio_variant"": ""with_audio"", ""operation"": null, ""is_minimum"": false, ""is_negative"": false, ""is_parseable"": true}, {""sku"": ""duration_seconds_with_audio_4k"", ""raw_value"": ""0.60"", ""amount"": 0.6, ""currency"": ""usd"", ""quantity"": ""second"", ""unit_family"": ""usd_per_second"", ""usd_amount"": 0.6, ""conversion_applied"": false, ""currency_assumed"": true, ""resolution_variant"": ""4k"", ""audio_variant"": ""with_audio"", ""operation"": null, ""is_minimum"": false, ""is_negative"": false, ""is_parseable"": true}, {""sku"": ""duration_seconds_without_audio"", ""raw_value"": ""0.20"", ""amount"": 0.2, ""currency"": ""usd"", ""quantity"": ""second"", ""unit_family"": ""usd_per_second"", ""usd_amount"": 0.2, ""conversion_applied"": false, ""currency_assumed"": true, ""resolution_variant"": null, ""audio_variant"": ""without_audio"", ""operation"": null, ""is_minimum"": false, ""is_negative"": false, ""is_parseable"": true}, {""sku"": ""duration_seconds_without_audio_4k"", ""raw_value"": ""0.40"", ""amount"": 0.4, ""currency"": ""usd"", ""quantity"": ""second"", ""unit_family"": ""usd_per_second"", ""usd_amount"": 0.4, ""conversion_applied"": false, ""currency_assumed"": true, ""resolution_variant"": ""4k"", ""audio_variant"": ""without_audio"", ""operation"": null, ""is_minimum"": false, ""is_negative"": false, ""is_parseable"": true}], ""raw_pricing_skus"": {""duration_seconds_with_audio"": ""0.40"", ""duration_seconds_with_audio_4k"": ""0.60"", ""duration_seconds_without_audio"": ""0.20"", ""duration_seconds_without_audio_4k"": ""0.40""}, ""sku_count"": 4, ""resolved_sku_count"": 4, ""unresolved_sku_keys"": [], ""has_any_price"": true, ""comparable_price"": {""unit"": ""usd_per_second"", ""usd"": 0.2, ""basis"": ""audio_qualified_rate"", ""basis_sku"": ""duration_seconds_without_audio""}, ""usd_per_second_by_resolution"": {}, ""usd_per_image_by_resolution"": {}, ""unit_families"": [""usd_per_second""], ""unit_conversions_applied"": [], ""currency_assumptions"": [""duration_seconds_with_audio"", ""duration_seconds_with_audio_4k"", ""duration_seconds_without_audio"", ""duration_seconds_without_audio_4k""]}",,openrouter:/api/v1/videos/models,2026-09-17T03:40:50.991972+00:00
